{
  "CHN": {
    "country_name": "China",
    "issues": [
      "Desertification",
      "Water pollution",
      "Land reclamation",
      "Fossil fuels",
      "Landslide",
      "Air pollution",
      "Erosion",
      "Acid rain",
      "Pollution",
      "Habitat destruction",
      "Waste",
      "Endangered species",
      "Soil erosion",
      "Deforestation",
      "Greenhouse gas",
      "Particulates"
    ],
    "temperature": [
      [
        1920,
        1939,
        3.2391161165744786
      ],
      [
        1940,
        1959,
        3.256478008471946
      ],
      [
        1960,
        1979,
        3.3449549423996476
      ],
      [
        1980,
        1999,
        3.4544279700845775
      ],
      [
        2020,
        2039,
        4.359835072567442
      ],
      [
        2040,
        2059,
        4.840240177356151
      ],
      [
        2060,
        2079,
        5.731578826904914
      ],
      [
        2080,
        2099,
        6.8088298596827554
      ]
    ],
    "emission": [
      [
        1960,
        1.17038137226978
      ],
      [
        1961,
        0.836046900792028
      ],
      [
        1962,
        0.661428164381093
      ],
      [
        1963,
        0.640001899360285
      ],
      [
        1964,
        0.625646053941047
      ],
      [
        1965,
        0.665524211218076
      ],
      [
        1966,
        0.710891381561055
      ],
      [
        1967,
        0.574162146975018
      ],
      [
        1968,
        0.60545199674633
      ],
      [
        1969,
        0.725149509123457
      ],
      [
        1970,
        0.942934534989582
      ],
      [
        1971,
        1.04223969658961
      ],
      [
        1972,
        1.08067663654397
      ],
      [
        1973,
        1.09819569131687
      ],
      [
        1974,
        1.09736711056811
      ],
      [
        1975,
        1.25012409495905
      ],
      [
        1976,
        1.28528313553995
      ],
      [
        1977,
        1.38884289658754
      ],
      [
        1978,
        1.52920110964112
      ],
      [
        1979,
        1.5426750986837
      ],
      [
        1980,
        1.49525074931082
      ],
      [
        1981,
        1.46043181655825
      ],
      [
        1982,
        1.56673968353113
      ],
      [
        1983,
        1.62905590778943
      ],
      [
        1984,
        1.75044806018373
      ],
      [
        1985,
        1.87105479144466
      ],
      [
        1986,
        1.93943425697654
      ],
      [
        1987,
        2.03841068876927
      ],
      [
        1988,
        2.1509052249848
      ],
      [
        1989,
        2.15307791087471
      ],
      [
        1990,
        2.15157090606377
      ],
      [
        1991,
        2.22943963920124
      ],
      [
        1992,
        2.30946367545945
      ],
      [
        1993,
        2.44280065934625
      ],
      [
        1994,
        2.56599389177193
      ],
      [
        1995,
        2.75575496636525
      ],
      [
        1996,
        2.84430958153669
      ],
      [
        1997,
        2.82056789057578
      ],
      [
        1998,
        2.67674598026467
      ],
      [
        1999,
        2.64864924664833
      ],
      [
        2000,
        2.69686243322549
      ],
      [
        2001,
        2.74212081298895
      ],
      [
        2002,
        3.0070831974383
      ],
      [
        2003,
        3.52407409267308
      ],
      [
        2004,
        4.03799065100399
      ],
      [
        2005,
        4.52317806354125
      ],
      [
        2006,
        4.98031419657976
      ],
      [
        2007,
        5.33490992916681
      ],
      [
        2008,
        5.7019150246668
      ],
      [
        2009,
        6.01010243303337
      ],
      [
        2010,
        6.56052000702696
      ],
      [
        2011,
        7.24151541889549
      ],
      [
        2012,
        7.42475091638009
      ],
      [
        2013,
        7.55721104480691
      ],
      [
        2014,
        7.54390764144927
      ]
    ],
    "rainfall": [
      [
        1920,
        1939,
        895.3134756558264
      ],
      [
        1940,
        1959,
        887.8694920844122
      ],
      [
        1960,
        1979,
        897.9871288537632
      ],
      [
        1980,
        1999,
        904.5150942221394
      ],
      [
        2020,
        2039,
        905.9263791676904
      ],
      [
        2040,
        2059,
        926.7130924777798
      ],
      [
        2060,
        2079,
        948.2535123164631
      ],
      [
        2080,
        2099,
        962.0889390376414
      ]
    ],
    "longtitude": "105",
    "flag_link": "https://api.backendless.com/2F26DFBF-433C-51CC-FF56-830CEA93BF00/473FB5A9-D20E-8D3E-FF01-E93D9D780A00/files/CountryFlagsPng/chn.png",
    "latitude": "35"
  },
  "USA": {
    "country_name": "United States of America",
    "issues": [
      "Desertification",
      "Water pollution",
      "Fossil fuels",
      "Air pollution",
      "Pesticides",
      "Acid rain",
      "Pollution"
    ],
    "temperature": [
      [
        1920,
        1939,
        4.05357345619076
      ],
      [
        1940,
        1959,
        4.030661870713562
      ],
      [
        1960,
        1979,
        4.023561016282197
      ],
      [
        1980,
        1999,
        4.450069094534607
      ],
      [
        2020,
        2039,
        5.153054786738352
      ],
      [
        2040,
        2059,
        5.790111513211124
      ],
      [
        2060,
        2079,
        6.984818532283615
      ],
      [
        2080,
        2099,
        8.146122958594887
      ]
    ],